id,reporting_date,incident_date,district,dead,sick,casualties,place,description,source_name,source_url
aa71ae1ee0c6a1f0,2024-04-20,2024-04-20,Pabna,1,0,1,"Shalgaria, Pabna",Heatstroke death in Pabna during heatwave,bdnews24,https://bdnews24.com/bangladesh/827o4pspaj
716c64268f12bb0c,2024-04-20,2024-04-20,Gazipur,1,0,1,"Konabari, Gazipur",Heatstroke death in Gazipur during heatwave,bdnews24,https://bdnews24.com/bangladesh/827o4pspaj
0ba339aa98db2d61,2024-04-23,2024-04-22,Dhaka,1,0,1,"Wari, Dhaka",One dies of heatstroke in Dhaka,Dhaka Tribune,https://www.dhakatribune.com/bangladesh/dhaka/344672/one-dies-of-heatstroke-in-dhaka
75da5ca71d987340,2024-04-30,2024-04-22,Chuadanga,1,0,1,Chuadanga,DGHS control room data reported one heatstroke death in Chuadanga between 22-28 April.,Prothom Alo,https://en.prothomalo.com/bangladesh/b37g9l5a3o
5cad216218d6546c,2024-04-30,2024-04-22,Khulna,1,0,1,Khulna,DGHS control room data reported one heatstroke death in Khulna between 22-28 April.,Prothom Alo,https://en.prothomalo.com/bangladesh/b37g9l5a3o
dbecd1b8f3851abe,2024-04-30,2024-04-22,Habiganj,1,0,1,Habiganj,DGHS control room data reported one heatstroke death in Habiganj between 22-28 April.,Prothom Alo,https://en.prothomalo.com/bangladesh/b37g9l5a3o
cc251e55649a6128,2024-04-30,2024-04-22,Rajbari,1,0,1,Rajbari,DGHS control room data reported one heatstroke death in Rajbari between 22-28 April.,Prothom Alo,https://en.prothomalo.com/bangladesh/b37g9l5a3o
311a47bea115af8a,2024-04-30,2024-04-22,Jhenaidah,1,0,1,Jhenaidah,DGHS control room data reported one heatstroke death in Jhenaidah between 22-28 April.,Prothom Alo,https://en.prothomalo.com/bangladesh/b37g9l5a3o
7a2e6653e5349667,2024-04-30,2024-04-22,Lalmonirhat,1,0,1,Lalmonirhat,DGHS control room data reported one heatstroke death in Lalmonirhat between 22-28 April.,Prothom Alo,https://en.prothomalo.com/bangladesh/b37g9l5a3o
c0440fafc7961548,2024-04-30,2024-04-22,Bandarban,1,0,1,Bandarban,DGHS control room data reported one heatstroke death in Bandarban between 22-28 April.,Prothom Alo,https://en.prothomalo.com/bangladesh/b37g9l5a3o
40d2bc23ab1d910d,2024-04-23,2024-04-22,Dhaka,1,0,1,"Shahbagh, Dhaka",Rickshaw-puller dies from suspected heatstroke in Dhaka.,bdnews24,https://bdnews24.com/bangladesh/pdui2g8xar
97be51f8f77f1230,2024-04-22,2024-04-22,Rajshahi,1,0,1,"Bagmara, Rajshahi",Farmer dies of heatstroke in Rajshahi,Dhaka Tribune,https://www.dhakatribune.com/bangladesh/nation/344627/heatwave-farmer-dies-from-heatstroke-in-rajshahi
7d8a0d8079c4c5fc,2024-04-22,2024-04-22,Chattogram,1,0,1,Chittagong,Youth dies of heatstroke in Chittagong,Dhaka Tribune,https://www.dhakatribune.com/bangladesh/nation/344631/25-year-old-dies-of-heatstroke-in-chittagong
2c3029b2bf98e9e8,2024-04-21,2024-04-21,Meherpur,1,0,1,"Gangni, Meherpur",Woman dies in Meherpur during heatwave,Dhaka Tribune,https://www.dhakatribune.com/bangladesh/nation/344493/woman-dies-in-meherpur-as-heat-wave-scorches
8f6b8f515600c2d3,2024-04-28,2024-04-27,Naogaon,1,0,1,"Niamatpur, Naogaon",Madrasa teacher dies from extreme heat in Naogaon,bdnews24,https://bdnews24.com/bangladesh/5a2dc3d13686
28b0fbd3e0b76b2f,2024-04-28,2024-04-28,Chattogram,1,0,1,"Boalkhali, Chittagong",Teacher died of suspected heat stroke in Chittagong.,New Age,https://www.newagebd.net/post/environment-climate-change/233825/two-teachers-die-of-suspected-heat-stroke-in-ctg-jashore
d1f979d50eb7794a,2024-04-28,2024-04-28,Jashore,1,0,1,"Sadar, Jashore",Teacher died of suspected heat stroke in Jashore.,New Age,https://www.newagebd.net/post/environment-climate-change/233825/two-teachers-die-of-suspected-heat-stroke-in-ctg-jashore
fe7985615518ff13,2024-04-28,2024-04-28,Dhaka,1,0,1,"Gulistan, Dhaka","Community policeman dies of suspected heatstroke in Gulistan, Dhaka.",Dhaka Tribune,https://www.dhakatribune.com/bangladesh/dhaka/345153/death-of-community-policeman-in-gulistan
4811e8cd658b281d,2024-04-30,2024-04-29,Madaripur,2,0,2,Madaripur,DGHS reported two heatstroke deaths in Madaripur in the Apr 22-29 control room tally.,bdnews24,https://bdnews24.com/bangladesh/f896dacdca6d
68d98a3f766e3209,2024-04-30,2024-04-29,Chattogram,1,0,1,Chittagong,DGHS reported one heatstroke death in Chittagong in the Apr 22-29 control room tally.,bdnews24,https://bdnews24.com/bangladesh/f896dacdca6d
c470a4d62808ed00,2024-04-30,2024-04-30,Nilphamari,4,0,4,Nilphamari,Reports said four people died from possible heat stroke in different parts of Nilphamari.,Prothom Alo,https://en.prothomalo.com/bangladesh/local-news/7lihebe50k
bdce1e45e39b052f,2024-04-30,2024-04-30,Natore,1,0,1,Natore,Reports said one person died from possible heat stroke in Natore amid the heatwave.,Prothom Alo,https://en.prothomalo.com/bangladesh/local-news/7lihebe50k
9396a7fc2d882d77,2024-05-16,2024-05-16,Sirajganj,2,0,2,"Ullapara, Sirajganj",Two die from heatstroke in Sirajganj while harvesting,Dhaka Tribune,https://www.dhakatribune.com/bangladesh/nation/346648/two-die-from-heatstroke-in-sirajganj
698bde1504fefe3e,2023-06-14,2023-06-13,Khulna,1,5,6,"Dumuria and Rupsa upazilas, Khulna",One school student died of heat stroke and five students fell sick in schools under Dumuria and Rupsa upazilas of Khulna.,New Age,https://www.newagebd.net/article/204191/school-student-dies-of-heat-stroke-five-others-fall-sick-in-khulna
12eba73181680d26,2010-03-23,2010-03-23,Chuadanga,1,3,4,Chuadanga,"Historical simulated data: Severe heatwave hit Chuadanga, reaching 39.2°C with 59% humidity.",Historical Simulation,https://archive-api.open-meteo.com/
a5f4b65a7e204782,2010-03-24,2010-03-24,Rajshahi,1,0,1,Rajshahi,"Historical simulated data: Severe heatwave hit Rajshahi, reaching 39.7°C with 53% humidity.",Historical Simulation,https://archive-api.open-meteo.com/
eb6d5fe215034bcb,2010-03-25,2010-03-25,Dinajpur,2,1,3,Dinajpur,"Historical simulated data: Severe heatwave hit Dinajpur, reaching 39°C with 48% humidity.",Historical Simulation,https://archive-api.open-meteo.com/
a447c0e7729b052c,2010-03-25,2010-03-25,Naogaon,2,3,5,Naogaon,"Historical simulated data: Severe heatwave hit Naogaon, reaching 40.2°C with 54% humidity.",Historical Simulation,https://archive-api.open-meteo.com/
73893dc321c3e685,2010-04-01,2010-04-01,Naogaon,2,3,5,Naogaon,"Historical simulated data: Severe heatwave hit Naogaon, reaching 39.6°C with 46% humidity.",Historical Simulation,https://archive-api.open-meteo.com/
c154950163fc4548,2010-04-02,2010-04-02,Naogaon,2,1,3,Naogaon,"Historical simulated data: Severe heatwave hit Naogaon, reaching 39.1°C with 52% humidity.",Historical Simulation,https://archive-api.open-meteo.com/
14e86939a9bba16d,2010-04-03,2010-04-03,Naogaon,1,4,5,Naogaon,"Historical simulated data: Severe heatwave hit Naogaon, reaching 40°C with 52% humidity.",Historical Simulation,https://archive-api.open-meteo.com/
5022002062ae506c,2010-04-05,2010-04-05,Joypurhat,2,4,6,Joypurhat,"Historical simulated data: Severe heatwave hit Joypurhat, reaching 39.7°C with 51% humidity.",Historical Simulation,https://archive-api.open-meteo.com/
93a875e42c8bb52b,2010-04-05,2010-04-05,Naogaon,1,3,4,Naogaon,"Historical simulated data: Severe heatwave hit Naogaon, reaching 40.3°C with 48% humidity.",Historical Simulation,https://archive-api.open-meteo.com/
05645d53778f0ad1,2010-04-05,2010-04-05,Nilphamari,2,1,3,Nilphamari,"Historical simulated data: Severe heatwave hit Nilphamari, reaching 39.3°C with 48% humidity.",Historical Simulation,https://archive-api.open-meteo.com/
f8a73c62942366d0,2010-04-06,2010-04-06,Gopalganj,2,3,5,Gopalganj,"Historical simulated data: Severe heatwave hit Gopalganj, reaching 39.4°C with 65% humidity.",Historical Simulation,https://archive-api.open-meteo.com/
bf7681878fd5bc3e,2010-04-06,2010-04-06,Joypurhat,1,2,3,Joypurhat,"Historical simulated data: Severe heatwave hit Joypurhat, reaching 40°C with 40% humidity.",Historical Simulation,https://archive-api.open-meteo.com/
a84d47e935db212e,2010-04-06,2010-04-06,Magura,1,4,5,Magura,"Historical simulated data: Severe heatwave hit Magura, reaching 39.7°C with 60% humidity.",Historical Simulation,https://archive-api.open-meteo.com/
4e830e2ba5cb0385,2010-04-06,2010-04-06,Naogaon,2,2,4,Naogaon,"Historical simulated data: Severe heatwave hit Naogaon, reaching 40.7°C with 36% humidity.",Historical Simulation,https://archive-api.open-meteo.com/
625968074ec44871,2010-04-06,2010-04-06,Natore,2,2,4,Natore,"Historical simulated data: Severe heatwave hit Natore, reaching 40°C with 52% humidity.",Historical Simulation,https://archive-api.open-meteo.com/
6347d876ab7c87cb,2010-04-06,2010-04-06,Nilphamari,2,1,3,Nilphamari,"Historical simulated data: Severe heatwave hit Nilphamari, reaching 39.5°C with 34% humidity.",Historical Simulation,https://archive-api.open-meteo.com/
7801600a0bd058ea,2010-04-06,2010-04-06,Rangpur,2,0,2,Rangpur,"Historical simulated data: Severe heatwave hit Rangpur, reaching 39.2°C with 35% humidity.",Historical Simulation,https://archive-api.open-meteo.com/
f7aeaf6b7df19136,2010-04-06,2010-04-06,Thakurgaon,2,1,3,Thakurgaon,"Historical simulated data: Severe heatwave hit Thakurgaon, reaching 40.1°C with 26% humidity.",Historical Simulation,https://archive-api.open-meteo.com/
8ab163c76fb74c65,2010-04-07,2010-04-07,Gaibandha,1,4,5,Gaibandha,"Historical simulated data: Severe heatwave hit Gaibandha, reaching 39.1°C with 46% humidity.",Historical Simulation,https://archive-api.open-meteo.com/
dabb161f721bed77,2010-04-07,2010-04-07,Naogaon,1,4,5,Naogaon,"Historical simulated data: Severe heatwave hit Naogaon, reaching 40.4°C with 33% humidity.",Historical Simulation,https://archive-api.open-meteo.com/
8f04322736dbaf12,2010-04-08,2010-04-08,Naogaon,2,2,4,Naogaon,"Historical simulated data: Severe heatwave hit Naogaon, reaching 39.1°C with 54% humidity.",Historical Simulation,https://archive-api.open-meteo.com/
843fa7f4b6b08427,2010-04-09,2010-04-09,Faridpur,1,3,4,Faridpur,"Historical simulated data: Severe heatwave hit Faridpur, reaching 39°C with 50% humidity.",Historical Simulation,https://archive-api.open-meteo.com/
af1a541b98132a3a,2010-04-09,2010-04-09,Joypurhat,1,2,3,Joypurhat,"Historical simulated data: Severe heatwave hit Joypurhat, reaching 39.5°C with 49% humidity.",Historical Simulation,https://archive-api.open-meteo.com/
847d5fc933c73176,2010-04-09,2010-04-09,Kushtia,2,0,2,Kushtia,"Historical simulated data: Severe heatwave hit Kushtia, reaching 39.2°C with 48% humidity.",Historical Simulation,https://archive-api.open-meteo.com/
f754658293df2ee3,2010-04-09,2010-04-09,Magura,2,4,6,Magura,"Historical simulated data: Severe heatwave hit Magura, reaching 39.5°C with 48% humidity.",Historical Simulation,https://archive-api.open-meteo.com/
c4d8b2f576feb712,2010-04-09,2010-04-09,Naogaon,2,4,6,Naogaon,"Historical simulated data: Severe heatwave hit Naogaon, reaching 40.1°C with 41% humidity.",Historical Simulation,https://archive-api.open-meteo.com/
68f7556ba98241fd,2010-04-10,2010-04-10,Faridpur,1,3,4,Faridpur,"Historical simulated data: Severe heatwave hit Faridpur, reaching 40.2°C with 57% humidity.",Historical Simulation,https://archive-api.open-meteo.com/
356d5146feeaafd7,2010-04-10,2010-04-10,Manikganj,1,1,2,Manikganj,"Historical simulated data: Severe heatwave hit Manikganj, reaching 39.1°C with 59% humidity.",Historical Simulation,https://archive-api.open-meteo.com/
36d4dd874653eafe,2010-04-10,2010-04-10,Naogaon,2,4,6,Naogaon,"Historical simulated data: Severe heatwave hit Naogaon, reaching 40.8°C with 36% humidity.",Historical Simulation,https://archive-api.open-meteo.com/
b03316f406626d34,2010-04-10,2010-04-10,Narail,1,2,3,Narail,"Historical simulated data: Severe heatwave hit Narail, reaching 40.1°C with 60% humidity.",Historical Simulation,https://archive-api.open-meteo.com/
ee91393482b38ec3,2010-04-10,2010-04-10,Rajshahi,1,2,3,Rajshahi,"Historical simulated data: Severe heatwave hit Rajshahi, reaching 40.9°C with 36% humidity.",Historical Simulation,https://archive-api.open-meteo.com/
a5f22a71759229b4,2010-04-11,2010-04-11,Naogaon,1,3,4,Naogaon,"Historical simulated data: Severe heatwave hit Naogaon, reaching 41.5°C with 47% humidity.",Historical Simulation,https://archive-api.open-meteo.com/
9dbbc3c030bd3148,2010-04-11,2010-04-11,Rajshahi,2,0,2,Rajshahi,"Historical simulated data: Severe heatwave hit Rajshahi, reaching 41.5°C with 49% humidity.",Historical Simulation,https://archive-api.open-meteo.com/
87cbe7a5b288ce66,2010-04-19,2010-04-19,Chuadanga,2,0,2,Chuadanga,"Historical simulated data: Severe heatwave hit Chuadanga, reaching 39.3°C with 63% humidity.",Historical Simulation,https://archive-api.open-meteo.com/
a46acd194eac1117,2010-04-20,2010-04-20,Chuadanga,2,0,2,Chuadanga,"Historical simulated data: Severe heatwave hit Chuadanga, reaching 41.5°C with 56% humidity.",Historical Simulation,https://archive-api.open-meteo.com/
ffcaa825696d0948,2010-04-20,2010-04-20,Jhenaidah,1,0,1,Jhenaidah,"Historical simulated data: Severe heatwave hit Jhenaidah, reaching 40.5°C with 61% humidity.",Historical Simulation,https://archive-api.open-meteo.com/
8e64396df8b5e448,2010-04-21,2010-04-21,Chuadanga,2,3,5,Chuadanga,"Historical simulated data: Severe heatwave hit Chuadanga, reaching 40.8°C with 61% humidity.",Historical Simulation,https://archive-api.open-meteo.com/
4c974878fc56b177,2010-04-21,2010-04-21,Kushtia,1,3,4,Kushtia,"Historical simulated data: Severe heatwave hit Kushtia, reaching 40.5°C with 62% humidity.",Historical Simulation,https://archive-api.open-meteo.com/
67bd798f3c232cbe,2010-04-21,2010-04-21,Manikganj,1,1,2,Manikganj,"Historical simulated data: Severe heatwave hit Manikganj, reaching 38.2°C with 70% humidity.",Historical Simulation,https://archive-api.open-meteo.com/
391ea3f48b1fa352,2010-04-22,2010-04-22,Naogaon,2,2,4,Naogaon,"Historical simulated data: Severe heatwave hit Naogaon, reaching 39.7°C with 67% humidity.",Historical Simulation,https://archive-api.open-meteo.com/
fc26703a288d178e,2010-04-22,2010-04-22,Pabna,2,1,3,Pabna,"Historical simulated data: Severe heatwave hit Pabna, reaching 39.5°C with 65% humidity.",Historical Simulation,https://archive-api.open-meteo.com/
46bb566e9b1273e1,2010-04-22,2010-04-22,Rajbari,1,1,2,Rajbari,"Historical simulated data: Severe heatwave hit Rajbari, reaching 39.6°C with 67% humidity.",Historical Simulation,https://archive-api.open-meteo.com/
ad5558e30cdc9d1a,2010-04-23,2010-04-23,Rajshahi,2,2,4,Rajshahi,"Historical simulated data: Severe heatwave hit Rajshahi, reaching 40°C with 58% humidity.",Historical Simulation,https://archive-api.open-meteo.com/
8253901dea6b85ff,2010-04-24,2010-04-24,Faridpur,1,0,1,Faridpur,"Historical simulated data: Severe heatwave hit Faridpur, reaching 38.1°C with 73% humidity.",Historical Simulation,https://archive-api.open-meteo.com/
96937039f02a8cca,2010-04-24,2010-04-24,Naogaon,2,1,3,Naogaon,"Historical simulated data: Severe heatwave hit Naogaon, reaching 39.7°C with 61% humidity.",Historical Simulation,https://archive-api.open-meteo.com/
91c55fb20e788f4e,2010-04-25,2010-04-25,Chuadanga,1,2,3,Chuadanga,"Historical simulated data: Severe heatwave hit Chuadanga, reaching 39.5°C with 62% humidity.",Historical Simulation,https://archive-api.open-meteo.com/
067a81358fe99f47,2010-04-25,2010-04-25,Natore,2,2,4,Natore,"Historical simulated data: Severe heatwave hit Natore, reaching 40.6°C with 55% humidity.",Historical Simulation,https://archive-api.open-meteo.com/
0a2b564c0d21b28f,2010-04-25,2010-04-25,Rajshahi,2,1,3,Rajshahi,"Historical simulated data: Severe heatwave hit Rajshahi, reaching 41.7°C with 51% humidity.",Historical Simulation,https://archive-api.open-meteo.com/
6e5af0d3578e7438,2012-04-23,2012-04-23,Naogaon,1,2,3,Naogaon,"Historical simulated data: Severe heatwave hit Naogaon, reaching 39.2°C with 33% humidity.",Historical Simulation,https://archive-api.open-meteo.com/
164e96fed43075b4,2012-04-23,2012-04-23,Rajshahi,2,0,2,Rajshahi,"Historical simulated data: Severe heatwave hit Rajshahi, reaching 39.6°C with 39% humidity.",Historical Simulation,https://archive-api.open-meteo.com/
66c24bfca2eb8d84,2012-04-24,2012-04-24,Naogaon,1,1,2,Naogaon,"Historical simulated data: Severe heatwave hit Naogaon, reaching 39.7°C with 45% humidity.",Historical Simulation,https://archive-api.open-meteo.com/
8d00bfba47774055,2012-04-27,2012-04-27,Naogaon,1,1,2,Naogaon,"Historical simulated data: Severe heatwave hit Naogaon, reaching 39.3°C with 47% humidity.",Historical Simulation,https://archive-api.open-meteo.com/
03a63efb920ccd73,2012-04-27,2012-04-27,Rajshahi,1,3,4,Rajshahi,"Historical simulated data: Severe heatwave hit Rajshahi, reaching 39.4°C with 45% humidity.",Historical Simulation,https://archive-api.open-meteo.com/
649eb754c3a3a50e,2012-04-29,2012-04-29,Rajshahi,2,3,5,Rajshahi,"Historical simulated data: Severe heatwave hit Rajshahi, reaching 39.5°C with 43% humidity.",Historical Simulation,https://archive-api.open-meteo.com/
b02994fc32125d1a,2012-05-15,2012-05-15,Dinajpur,1,1,2,Dinajpur,"Historical simulated data: Severe heatwave hit Dinajpur, reaching 39°C with 52% humidity.",Historical Simulation,https://archive-api.open-meteo.com/
13442392fcfa997b,2012-05-15,2012-05-15,Thakurgaon,1,3,4,Thakurgaon,"Historical simulated data: Severe heatwave hit Thakurgaon, reaching 40.4°C with 52% humidity.",Historical Simulation,https://archive-api.open-meteo.com/
5185dd850ef4a2e5,2012-05-16,2012-05-16,Joypurhat,2,0,2,Joypurhat,"Historical simulated data: Severe heatwave hit Joypurhat, reaching 39.1°C with 56% humidity.",Historical Simulation,https://archive-api.open-meteo.com/
b67b60a3f7f984f9,2012-05-22,2012-05-22,Naogaon,2,1,3,Naogaon,"Historical simulated data: Severe heatwave hit Naogaon, reaching 39.9°C with 59% humidity.",Historical Simulation,https://archive-api.open-meteo.com/
5ebe3df51e9fde45,2012-05-23,2012-05-23,Naogaon,2,1,3,Naogaon,"Historical simulated data: Severe heatwave hit Naogaon, reaching 41.6°C with 54% humidity.",Historical Simulation,https://archive-api.open-meteo.com/
b1710a491ec6f70f,2012-05-24,2012-05-24,Dinajpur,1,0,1,Dinajpur,"Historical simulated data: Severe heatwave hit Dinajpur, reaching 39.2°C with 67% humidity.",Historical Simulation,https://archive-api.open-meteo.com/
828ef2fd14dcf3b7,2012-06-04,2012-06-04,Jhenaidah,1,2,3,Jhenaidah,"Historical simulated data: Severe heatwave hit Jhenaidah, reaching 40.3°C with 62% humidity.",Historical Simulation,https://archive-api.open-meteo.com/
88ea8cc570bac7c1,2012-06-05,2012-06-05,Meherpur,1,1,2,Meherpur,"Historical simulated data: Severe heatwave hit Meherpur, reaching 39.4°C with 66% humidity.",Historical Simulation,https://archive-api.open-meteo.com/
4a130b8a260ce2e5,2012-06-05,2012-06-05,Natore,2,2,4,Natore,"Historical simulated data: Severe heatwave hit Natore, reaching 38.2°C with 71% humidity.",Historical Simulation,https://archive-api.open-meteo.com/
9e706415c32fe8a2,2012-06-09,2012-06-09,Chuadanga,2,4,6,Chuadanga,"Historical simulated data: Severe heatwave hit Chuadanga, reaching 38°C with 70% humidity.",Historical Simulation,https://archive-api.open-meteo.com/
7beaa3fb0c3ae0e8,2012-06-15,2012-06-15,Meherpur,2,2,4,Meherpur,"Historical simulated data: Severe heatwave hit Meherpur, reaching 39.6°C with 67% humidity.",Historical Simulation,https://archive-api.open-meteo.com/
8f648c7e7585a199,2013-04-10,2013-04-10,Naogaon,2,4,6,Naogaon,"Historical simulated data: Severe heatwave hit Naogaon, reaching 39.4°C with 49% humidity.",Historical Simulation,https://archive-api.open-meteo.com/
92e17ccfff4a16ef,2013-04-10,2013-04-10,Rajshahi,2,3,5,Rajshahi,"Historical simulated data: Severe heatwave hit Rajshahi, reaching 39.2°C with 51% humidity.",Historical Simulation,https://archive-api.open-meteo.com/
e868a22b4e713b10,2014-04-20,2014-04-20,Khagrachhari,1,1,2,Khagrachhari,"Historical simulated data: Severe heatwave hit Khagrachhari, reaching 39°C with 48% humidity.",Historical Simulation,https://archive-api.open-meteo.com/
cdb2675ad18e7a3d,2014-04-22,2014-04-22,Feni,1,0,1,Feni,"Historical simulated data: Severe heatwave hit Feni, reaching 39°C with 41% humidity.",Historical Simulation,https://archive-api.open-meteo.com/
c89bf440b36a2ace,2014-04-22,2014-04-22,Nilphamari,2,1,3,Nilphamari,"Historical simulated data: Severe heatwave hit Nilphamari, reaching 39°C with 23% humidity.",Historical Simulation,https://archive-api.open-meteo.com/
d5012927915764ea,2014-04-23,2014-04-23,Chuadanga,2,4,6,Chuadanga,"Historical simulated data: Severe heatwave hit Chuadanga, reaching 39.1°C with 39% humidity.",Historical Simulation,https://archive-api.open-meteo.com/
d397935e9bb8b6d5,2014-04-23,2014-04-23,Naogaon,2,4,6,Naogaon,"Historical simulated data: Severe heatwave hit Naogaon, reaching 39.4°C with 24% humidity.",Historical Simulation,https://archive-api.open-meteo.com/
cb9f5ecc36a99f84,2014-04-24,2014-04-24,Meherpur,1,2,3,Meherpur,"Historical simulated data: Severe heatwave hit Meherpur, reaching 39.5°C with 33% humidity.",Historical Simulation,https://archive-api.open-meteo.com/
c8b445356acaef33,2014-04-24,2014-04-24,Naogaon,1,0,1,Naogaon,"Historical simulated data: Severe heatwave hit Naogaon, reaching 39.7°C with 25% humidity.",Historical Simulation,https://archive-api.open-meteo.com/
cbceaa4419e96782,2014-04-24,2014-04-24,Natore,2,4,6,Natore,"Historical simulated data: Severe heatwave hit Natore, reaching 39.1°C with 33% humidity.",Historical Simulation,https://archive-api.open-meteo.com/
9f3aa4a11f687964,2014-04-24,2014-04-24,Nilphamari,2,0,2,Nilphamari,"Historical simulated data: Severe heatwave hit Nilphamari, reaching 39.7°C with 22% humidity.",Historical Simulation,https://archive-api.open-meteo.com/
0072359a8296632f,2014-04-24,2014-04-24,Thakurgaon,2,2,4,Thakurgaon,"Historical simulated data: Severe heatwave hit Thakurgaon, reaching 39.8°C with 21% humidity.",Historical Simulation,https://archive-api.open-meteo.com/
b567a68e94f8a62a,2014-04-25,2014-04-25,Jamalpur,2,1,3,Jamalpur,"Historical simulated data: Severe heatwave hit Jamalpur, reaching 40°C with 47% humidity.",Historical Simulation,https://archive-api.open-meteo.com/
80f1e5e5729d3382,2014-04-25,2014-04-25,Jhenaidah,1,4,5,Jhenaidah,"Historical simulated data: Severe heatwave hit Jhenaidah, reaching 39.2°C with 57% humidity.",Historical Simulation,https://archive-api.open-meteo.com/
9d39348b21aca90b,2014-04-25,2014-04-25,Naogaon,2,1,3,Naogaon,"Historical simulated data: Severe heatwave hit Naogaon, reaching 40.6°C with 30% humidity.",Historical Simulation,https://archive-api.open-meteo.com/
ec80a72c21b845b7,2014-04-25,2014-04-25,Nilphamari,1,2,3,Nilphamari,"Historical simulated data: Severe heatwave hit Nilphamari, reaching 40.2°C with 27% humidity.",Historical Simulation,https://archive-api.open-meteo.com/
6260c1eca10b678e,2014-04-25,2014-04-25,Satkhira,1,0,1,Satkhira,"Historical simulated data: Severe heatwave hit Satkhira, reaching 38.2°C with 72% humidity.",Historical Simulation,https://archive-api.open-meteo.com/
de3426db8d8480c4,2014-04-25,2014-04-25,Thakurgaon,1,2,3,Thakurgaon,"Historical simulated data: Severe heatwave hit Thakurgaon, reaching 40.4°C with 25% humidity.",Historical Simulation,https://archive-api.open-meteo.com/
a41438aacf71c4df,2014-04-26,2014-04-26,Naogaon,2,0,2,Naogaon,"Historical simulated data: Severe heatwave hit Naogaon, reaching 39.6°C with 43% humidity.",Historical Simulation,https://archive-api.open-meteo.com/
026ff85f3e830a2c,2014-04-27,2014-04-27,Chuadanga,2,1,3,Chuadanga,"Historical simulated data: Severe heatwave hit Chuadanga, reaching 39.1°C with 65% humidity.",Historical Simulation,https://archive-api.open-meteo.com/
4e64122b1934d688,2014-04-29,2014-04-29,Naogaon,1,0,1,Naogaon,"Historical simulated data: Severe heatwave hit Naogaon, reaching 39.4°C with 61% humidity.",Historical Simulation,https://archive-api.open-meteo.com/
d154326d553f6143,2014-05-13,2014-05-13,Meherpur,2,1,3,Meherpur,"Historical simulated data: Severe heatwave hit Meherpur, reaching 39.4°C with 56% humidity.",Historical Simulation,https://archive-api.open-meteo.com/
648824b398ca69f2,2014-05-13,2014-05-13,Naogaon,1,2,3,Naogaon,"Historical simulated data: Severe heatwave hit Naogaon, reaching 39.9°C with 47% humidity.",Historical Simulation,https://archive-api.open-meteo.com/
70534473428c8404,2014-05-13,2014-05-13,Rajshahi,1,4,5,Rajshahi,"Historical simulated data: Severe heatwave hit Rajshahi, reaching 39.2°C with 52% humidity.",Historical Simulation,https://archive-api.open-meteo.com/
89dee427b46c1c65,2014-05-15,2014-05-15,Chuadanga,2,2,4,Chuadanga,"Historical simulated data: Severe heatwave hit Chuadanga, reaching 39.2°C with 51% humidity.",Historical Simulation,https://archive-api.open-meteo.com/
434ece4ffa99d377,2014-05-15,2014-05-15,Naogaon,1,3,4,Naogaon,"Historical simulated data: Severe heatwave hit Naogaon, reaching 39.4°C with 33% humidity.",Historical Simulation,https://archive-api.open-meteo.com/
4acaab5b8a6537dd,2014-05-16,2014-05-16,Chuadanga,2,4,6,Chuadanga,"Historical simulated data: Severe heatwave hit Chuadanga, reaching 39.4°C with 49% humidity.",Historical Simulation,https://archive-api.open-meteo.com/
08aabfd60206ea74,2014-05-16,2014-05-16,Joypurhat,1,1,2,Joypurhat,"Historical simulated data: Severe heatwave hit Joypurhat, reaching 40°C with 36% humidity.",Historical Simulation,https://archive-api.open-meteo.com/
6b06639047c60414,2014-05-17,2014-05-17,Joypurhat,2,2,4,Joypurhat,"Historical simulated data: Severe heatwave hit Joypurhat, reaching 40.8°C with 51% humidity.",Historical Simulation,https://archive-api.open-meteo.com/
8e0176b54e1613af,2014-05-17,2014-05-17,Naogaon,2,0,2,Naogaon,"Historical simulated data: Severe heatwave hit Naogaon, reaching 41.2°C with 43% humidity.",Historical Simulation,https://archive-api.open-meteo.com/
72af2729d9dcdff3,2014-05-20,2014-05-20,Chuadanga,2,2,4,Chuadanga,"Historical simulated data: Severe heatwave hit Chuadanga, reaching 40.4°C with 55% humidity.",Historical Simulation,https://archive-api.open-meteo.com/
833bd99698453c5d,2014-05-20,2014-05-20,Jhenaidah,1,2,3,Jhenaidah,"Historical simulated data: Severe heatwave hit Jhenaidah, reaching 39.5°C with 60% humidity.",Historical Simulation,https://archive-api.open-meteo.com/
80d48c3781018e2b,2014-05-20,2014-05-20,Meherpur,2,4,6,Meherpur,"Historical simulated data: Severe heatwave hit Meherpur, reaching 40.6°C with 51% humidity.",Historical Simulation,https://archive-api.open-meteo.com/
5e57cb54d7124b4c,2014-05-20,2014-05-20,Rajshahi,2,4,6,Rajshahi,"Historical simulated data: Severe heatwave hit Rajshahi, reaching 40°C with 51% humidity.",Historical Simulation,https://archive-api.open-meteo.com/
81a34a9e6d89a23a,2014-05-21,2014-05-21,Chuadanga,1,4,5,Chuadanga,"Historical simulated data: Severe heatwave hit Chuadanga, reaching 41.2°C with 54% humidity.",Historical Simulation,https://archive-api.open-meteo.com/
b271755cbb7cda9c,2014-05-21,2014-05-21,Joypurhat,2,3,5,Joypurhat,"Historical simulated data: Severe heatwave hit Joypurhat, reaching 41.5°C with 48% humidity.",Historical Simulation,https://archive-api.open-meteo.com/
c854147b46c06b64,2014-05-21,2014-05-21,Kushtia,2,2,4,Kushtia,"Historical simulated data: Severe heatwave hit Kushtia, reaching 40.2°C with 55% humidity.",Historical Simulation,https://archive-api.open-meteo.com/
3789ca14bd0b6b10,2016-04-11,2016-04-11,Chuadanga,2,1,3,Chuadanga,"Historical simulated data: Severe heatwave hit Chuadanga, reaching 39.2°C with 53% humidity.",Historical Simulation,https://archive-api.open-meteo.com/
10699dbefb8d9dd1,2016-04-15,2016-04-15,Jhenaidah,1,0,1,Jhenaidah,"Historical simulated data: Severe heatwave hit Jhenaidah, reaching 39.9°C with 62% humidity.",Historical Simulation,https://archive-api.open-meteo.com/
1320eb4333eeac6d,2016-04-16,2016-04-16,Chuadanga,2,1,3,Chuadanga,"Historical simulated data: Severe heatwave hit Chuadanga, reaching 39.1°C with 71% humidity.",Historical Simulation,https://archive-api.open-meteo.com/
f8f45ce694235e81,2016-04-19,2016-04-19,Chuadanga,1,3,4,Chuadanga,"Historical simulated data: Severe heatwave hit Chuadanga, reaching 40°C with 60% humidity.",Historical Simulation,https://archive-api.open-meteo.com/
bea4b4686daadd86,2016-04-19,2016-04-19,Jhenaidah,2,4,6,Jhenaidah,"Historical simulated data: Severe heatwave hit Jhenaidah, reaching 39.2°C with 62% humidity.",Historical Simulation,https://archive-api.open-meteo.com/
56d3ada35753e245,2016-04-21,2016-04-21,Meherpur,2,2,4,Meherpur,"Historical simulated data: Severe heatwave hit Meherpur, reaching 41°C with 55% humidity.",Historical Simulation,https://archive-api.open-meteo.com/
2ec78eb0363f5e01,2016-04-22,2016-04-22,Chuadanga,1,3,4,Chuadanga,"Historical simulated data: Severe heatwave hit Chuadanga, reaching 40.5°C with 57% humidity.",Historical Simulation,https://archive-api.open-meteo.com/
11131736cba3b5f3,2016-04-22,2016-04-22,Rajshahi,2,0,2,Rajshahi,"Historical simulated data: Severe heatwave hit Rajshahi, reaching 39.5°C with 54% humidity.",Historical Simulation,https://archive-api.open-meteo.com/
7204396e0f7d96fc,2016-04-24,2016-04-24,Meherpur,2,1,3,Meherpur,"Historical simulated data: Severe heatwave hit Meherpur, reaching 40.5°C with 41% humidity.",Historical Simulation,https://archive-api.open-meteo.com/
02c43f86f32795b0,2016-04-25,2016-04-25,Meherpur,2,3,5,Meherpur,"Historical simulated data: Severe heatwave hit Meherpur, reaching 39.9°C with 60% humidity.",Historical Simulation,https://archive-api.open-meteo.com/
dfdce68d58b9fd45,2016-04-25,2016-04-25,Rajshahi,2,2,4,Rajshahi,"Historical simulated data: Severe heatwave hit Rajshahi, reaching 39.2°C with 44% humidity.",Historical Simulation,https://archive-api.open-meteo.com/
3178b54fd931e7ff,2016-04-26,2016-04-26,Naogaon,1,4,5,Naogaon,"Historical simulated data: Severe heatwave hit Naogaon, reaching 39°C with 59% humidity.",Historical Simulation,https://archive-api.open-meteo.com/
c32fb9ea35117d6e,2016-04-28,2016-04-28,Chuadanga,1,1,2,Chuadanga,"Historical simulated data: Severe heatwave hit Chuadanga, reaching 39.6°C with 64% humidity.",Historical Simulation,https://archive-api.open-meteo.com/
ea1e7568d3b31640,2016-04-28,2016-04-28,Jhenaidah,1,2,3,Jhenaidah,"Historical simulated data: Severe heatwave hit Jhenaidah, reaching 39.1°C with 67% humidity.",Historical Simulation,https://archive-api.open-meteo.com/
efe0d35e6f9ca17c,2016-04-28,2016-04-28,Meherpur,1,2,3,Meherpur,"Historical simulated data: Severe heatwave hit Meherpur, reaching 40°C with 60% humidity.",Historical Simulation,https://archive-api.open-meteo.com/
25141dd68cc89761,2016-04-28,2016-04-28,Rajshahi,2,3,5,Rajshahi,"Historical simulated data: Severe heatwave hit Rajshahi, reaching 39.6°C with 55% humidity.",Historical Simulation,https://archive-api.open-meteo.com/
b830007a70c9ddae,2016-04-29,2016-04-29,Chuadanga,2,1,3,Chuadanga,"Historical simulated data: Severe heatwave hit Chuadanga, reaching 39.1°C with 65% humidity.",Historical Simulation,https://archive-api.open-meteo.com/
4ccd5cd039a460df,2016-04-29,2016-04-29,Dinajpur,2,4,6,Dinajpur,"Historical simulated data: Severe heatwave hit Dinajpur, reaching 39.5°C with 59% humidity.",Historical Simulation,https://archive-api.open-meteo.com/
b6792e51b449f639,2016-04-29,2016-04-29,Naogaon,2,0,2,Naogaon,"Historical simulated data: Severe heatwave hit Naogaon, reaching 39.8°C with 55% humidity.",Historical Simulation,https://archive-api.open-meteo.com/
993bdd85793fdd45,2016-04-29,2016-04-29,Rajshahi,1,2,3,Rajshahi,"Historical simulated data: Severe heatwave hit Rajshahi, reaching 39.8°C with 54% humidity.",Historical Simulation,https://archive-api.open-meteo.com/
3c2117be94cf6de5,2019-04-28,2019-04-28,Natore,2,0,2,Natore,"Historical simulated data: Severe heatwave hit Natore, reaching 41.3°C with 55% humidity.",Historical Simulation,https://archive-api.open-meteo.com/
efbc0a159ae03a6f,2019-04-29,2019-04-29,Naogaon,1,1,2,Naogaon,"Historical simulated data: Severe heatwave hit Naogaon, reaching 41.1°C with 59% humidity.",Historical Simulation,https://archive-api.open-meteo.com/
20c7a4d8bcfac7d7,2019-04-29,2019-04-29,Natore,2,2,4,Natore,"Historical simulated data: Severe heatwave hit Natore, reaching 40.5°C with 60% humidity.",Historical Simulation,https://archive-api.open-meteo.com/
f8c9e74304b0cbd6,2019-04-30,2019-04-30,Naogaon,2,0,2,Naogaon,"Historical simulated data: Severe heatwave hit Naogaon, reaching 40°C with 62% humidity.",Historical Simulation,https://archive-api.open-meteo.com/
ef8d31f02e2a8b91,2019-04-30,2019-04-30,Natore,1,0,1,Natore,"Historical simulated data: Severe heatwave hit Natore, reaching 39.2°C with 62% humidity.",Historical Simulation,https://archive-api.open-meteo.com/
84de9c74afdd5a33,2021-03-30,2021-03-30,Meherpur,2,1,3,Meherpur,"Historical simulated data: Severe heatwave hit Meherpur, reaching 39°C with 63% humidity.",Historical Simulation,https://archive-api.open-meteo.com/
fb477b68c073ae46,2021-04-14,2021-04-14,Rajshahi,1,4,5,Rajshahi,"Historical simulated data: Severe heatwave hit Rajshahi, reaching 39°C with 54% humidity.",Historical Simulation,https://archive-api.open-meteo.com/
819ade4d575af393,2021-04-26,2021-04-26,Habiganj,2,1,3,Habiganj,"Historical simulated data: Severe heatwave hit Habiganj, reaching 39°C with 49% humidity.",Historical Simulation,https://archive-api.open-meteo.com/
f270671c041893d7,2021-04-26,2021-04-26,Narayanganj,1,0,1,Narayanganj,"Historical simulated data: Severe heatwave hit Narayanganj, reaching 39.1°C with 50% humidity.",Historical Simulation,https://archive-api.open-meteo.com/
d521e7fab24c94c6,2021-04-26,2021-04-26,Shariatpur,2,4,6,Shariatpur,"Historical simulated data: Severe heatwave hit Shariatpur, reaching 39°C with 53% humidity.",Historical Simulation,https://archive-api.open-meteo.com/
acaaeafdf261a07b,2022-04-15,2022-04-15,Naogaon,2,0,2,Naogaon,"Historical simulated data: Severe heatwave hit Naogaon, reaching 41.1°C with 61% humidity.",Historical Simulation,https://archive-api.open-meteo.com/
f8b27c1a4f436df9,2022-04-15,2022-04-15,Rajshahi,1,3,4,Rajshahi,"Historical simulated data: Severe heatwave hit Rajshahi, reaching 40.5°C with 63% humidity.",Historical Simulation,https://archive-api.open-meteo.com/
ac89c465bb40a241,2022-04-24,2022-04-24,Rajshahi,1,3,4,Rajshahi,"Historical simulated data: Severe heatwave hit Rajshahi, reaching 40.4°C with 52% humidity.",Historical Simulation,https://archive-api.open-meteo.com/
90dc2823bfcb660d,2022-04-25,2022-04-25,Joypurhat,2,2,4,Joypurhat,"Historical simulated data: Severe heatwave hit Joypurhat, reaching 39.8°C with 61% humidity.",Historical Simulation,https://archive-api.open-meteo.com/
0a6405ed19e68e70,2022-04-25,2022-04-25,Naogaon,2,2,4,Naogaon,"Historical simulated data: Severe heatwave hit Naogaon, reaching 40.7°C with 56% humidity.",Historical Simulation,https://archive-api.open-meteo.com/
6734597b4b4bb416,2022-04-25,2022-04-25,Rajshahi,2,0,2,Rajshahi,"Historical simulated data: Severe heatwave hit Rajshahi, reaching 41°C with 54% humidity.",Historical Simulation,https://archive-api.open-meteo.com/
940df89d10f1cd0e,2023-04-13,2023-04-13,Shariatpur,1,3,4,Shariatpur,"Historical simulated data: Severe heatwave hit Shariatpur, reaching 39.7°C with 54% humidity.",Historical Simulation,https://archive-api.open-meteo.com/
2a0e1ff518e59620,2023-04-14,2023-04-14,Chuadanga,2,4,6,Chuadanga,"Historical simulated data: Severe heatwave hit Chuadanga, reaching 40.7°C with 43% humidity.",Historical Simulation,https://archive-api.open-meteo.com/
b85a6e3e8e58c8c7,2023-04-14,2023-04-14,Joypurhat,2,1,3,Joypurhat,"Historical simulated data: Severe heatwave hit Joypurhat, reaching 40.8°C with 45% humidity.",Historical Simulation,https://archive-api.open-meteo.com/
acfba79fad0f1e33,2023-04-14,2023-04-14,Manikganj,2,1,3,Manikganj,"Historical simulated data: Severe heatwave hit Manikganj, reaching 39.5°C with 51% humidity.",Historical Simulation,https://archive-api.open-meteo.com/
77a153fc4ee550d0,2023-04-14,2023-04-14,Naogaon,2,1,3,Naogaon,"Historical simulated data: Severe heatwave hit Naogaon, reaching 40.6°C with 44% humidity.",Historical Simulation,https://archive-api.open-meteo.com/
46b46354dd7a7710,2023-04-14,2023-04-14,Rajshahi,2,3,5,Rajshahi,"Historical simulated data: Severe heatwave hit Rajshahi, reaching 39.5°C with 48% humidity.",Historical Simulation,https://archive-api.open-meteo.com/
7a9c679fb677d99a,2023-04-14,2023-04-14,Shariatpur,1,3,4,Shariatpur,"Historical simulated data: Severe heatwave hit Shariatpur, reaching 40.8°C with 51% humidity.",Historical Simulation,https://archive-api.open-meteo.com/
d84c969a5e6e5d93,2023-04-15,2023-04-15,Chandpur,1,0,1,Chandpur,"Historical simulated data: Severe heatwave hit Chandpur, reaching 40.3°C with 57% humidity.",Historical Simulation,https://archive-api.open-meteo.com/
887e90e8215dfdc9,2023-04-15,2023-04-15,Joypurhat,1,0,1,Joypurhat,"Historical simulated data: Severe heatwave hit Joypurhat, reaching 40.8°C with 45% humidity.",Historical Simulation,https://archive-api.open-meteo.com/
0f0eda443759cc39,2023-04-15,2023-04-15,Khagrachhari,1,0,1,Khagrachhari,"Historical simulated data: Severe heatwave hit Khagrachhari, reaching 39.3°C with 54% humidity.",Historical Simulation,https://archive-api.open-meteo.com/
cfc56e23b37270db,2023-04-15,2023-04-15,Kushtia,1,3,4,Kushtia,"Historical simulated data: Severe heatwave hit Kushtia, reaching 39.5°C with 52% humidity.",Historical Simulation,https://archive-api.open-meteo.com/
15267d50d30c3d84,2023-04-15,2023-04-15,Lakshmipur,2,0,2,Lakshmipur,"Historical simulated data: Severe heatwave hit Lakshmipur, reaching 39.3°C with 62% humidity.",Historical Simulation,https://archive-api.open-meteo.com/
a4805af00a7ad96e,2023-04-15,2023-04-15,Narail,1,2,3,Narail,"Historical simulated data: Severe heatwave hit Narail, reaching 39.7°C with 61% humidity.",Historical Simulation,https://archive-api.open-meteo.com/
dc703367511afd2c,2023-04-15,2023-04-15,Narayanganj,1,2,3,Narayanganj,"Historical simulated data: Severe heatwave hit Narayanganj, reaching 39.9°C with 60% humidity.",Historical Simulation,https://archive-api.open-meteo.com/
572757d3b53d1fbf,2023-04-15,2023-04-15,Noakhali,1,2,3,Noakhali,"Historical simulated data: Severe heatwave hit Noakhali, reaching 40.5°C with 67% humidity.",Historical Simulation,https://archive-api.open-meteo.com/
42efd84c7fe69a16,2023-04-15,2023-04-15,Shariatpur,1,1,2,Shariatpur,"Historical simulated data: Severe heatwave hit Shariatpur, reaching 41°C with 57% humidity.",Historical Simulation,https://archive-api.open-meteo.com/
cbce43c288a5002d,2023-04-16,2023-04-16,Chandpur,2,0,2,Chandpur,"Historical simulated data: Severe heatwave hit Chandpur, reaching 40.7°C with 59% humidity.",Historical Simulation,https://archive-api.open-meteo.com/
0c5c04fec93d09e7,2023-04-16,2023-04-16,Kushtia,2,1,3,Kushtia,"Historical simulated data: Severe heatwave hit Kushtia, reaching 40.5°C with 54% humidity.",Historical Simulation,https://archive-api.open-meteo.com/
ff6c260c24b1c591,2023-04-16,2023-04-16,Manikganj,2,0,2,Manikganj,"Historical simulated data: Severe heatwave hit Manikganj, reaching 40.2°C with 52% humidity.",Historical Simulation,https://archive-api.open-meteo.com/
600228f03aa108aa,2023-04-16,2023-04-16,Meherpur,2,4,6,Meherpur,"Historical simulated data: Severe heatwave hit Meherpur, reaching 41.8°C with 41% humidity.",Historical Simulation,https://archive-api.open-meteo.com/
56df9b6e63343aec,2023-04-16,2023-04-16,Naogaon,1,0,1,Naogaon,"Historical simulated data: Severe heatwave hit Naogaon, reaching 41.3°C with 45% humidity.",Historical Simulation,https://archive-api.open-meteo.com/
eba81c1bca604802,2023-04-16,2023-04-16,Pabna,2,4,6,Pabna,"Historical simulated data: Severe heatwave hit Pabna, reaching 39.4°C with 56% humidity.",Historical Simulation,https://archive-api.open-meteo.com/
ea7920bc1e2a09cd,2023-04-16,2023-04-16,Rangamati,1,2,3,Rangamati,"Historical simulated data: Severe heatwave hit Rangamati, reaching 39°C with 57% humidity.",Historical Simulation,https://archive-api.open-meteo.com/
5d1d1262bdd1f7e9,2023-04-16,2023-04-16,Shariatpur,2,3,5,Shariatpur,"Historical simulated data: Severe heatwave hit Shariatpur, reaching 40.9°C with 59% humidity.",Historical Simulation,https://archive-api.open-meteo.com/
2ad424b7fefd0199,2023-04-17,2023-04-17,Jamalpur,2,3,5,Jamalpur,"Historical simulated data: Severe heatwave hit Jamalpur, reaching 40.1°C with 57% humidity.",Historical Simulation,https://archive-api.open-meteo.com/
ff8d486528e3977e,2023-04-17,2023-04-17,Rajshahi,2,4,6,Rajshahi,"Historical simulated data: Severe heatwave hit Rajshahi, reaching 41.8°C with 38% humidity.",Historical Simulation,https://archive-api.open-meteo.com/
1914e7fae1410f4c,2023-04-18,2023-04-18,Dinajpur,2,1,3,Dinajpur,"Historical simulated data: Severe heatwave hit Dinajpur, reaching 40.9°C with 52% humidity.",Historical Simulation,https://archive-api.open-meteo.com/
f7c2c999917871e6,2023-04-18,2023-04-18,Joypurhat,2,1,3,Joypurhat,"Historical simulated data: Severe heatwave hit Joypurhat, reaching 43°C with 56% humidity.",Historical Simulation,https://archive-api.open-meteo.com/
372ff5e17e28c48d,2023-04-18,2023-04-18,Narail,2,2,4,Narail,"Historical simulated data: Severe heatwave hit Narail, reaching 38.2°C with 77% humidity.",Historical Simulation,https://archive-api.open-meteo.com/
8bc94420891f649d,2023-04-18,2023-04-18,Rangpur,2,2,4,Rangpur,"Historical simulated data: Severe heatwave hit Rangpur, reaching 40.8°C with 64% humidity.",Historical Simulation,https://archive-api.open-meteo.com/
6828813fad3879de,2023-04-19,2023-04-19,Dinajpur,2,2,4,Dinajpur,"Historical simulated data: Severe heatwave hit Dinajpur, reaching 40.2°C with 59% humidity.",Historical Simulation,https://archive-api.open-meteo.com/
3e30768ad3ccc1c3,2023-04-19,2023-04-19,Gaibandha,2,1,3,Gaibandha,"Historical simulated data: Severe heatwave hit Gaibandha, reaching 39.5°C with 68% humidity.",Historical Simulation,https://archive-api.open-meteo.com/
5e198c0f1c6e16e7,2023-04-19,2023-04-19,Joypurhat,1,2,3,Joypurhat,"Historical simulated data: Severe heatwave hit Joypurhat, reaching 42.5°C with 49% humidity.",Historical Simulation,https://archive-api.open-meteo.com/
73c897c39ef91368,2023-04-19,2023-04-19,Kushtia,1,3,4,Kushtia,"Historical simulated data: Severe heatwave hit Kushtia, reaching 42.2°C with 61% humidity.",Historical Simulation,https://archive-api.open-meteo.com/
bf8b8d3518e841f7,2023-04-19,2023-04-19,Meherpur,1,0,1,Meherpur,"Historical simulated data: Severe heatwave hit Meherpur, reaching 43.3°C with 51% humidity.",Historical Simulation,https://archive-api.open-meteo.com/
21db61c6eb0981cb,2023-04-19,2023-04-19,Rangpur,2,1,3,Rangpur,"Historical simulated data: Severe heatwave hit Rangpur, reaching 40.7°C with 61% humidity.",Historical Simulation,https://archive-api.open-meteo.com/
ccf8d58cc3f0bc5a,2023-04-20,2023-04-20,Rangpur,2,1,3,Rangpur,"Historical simulated data: Severe heatwave hit Rangpur, reaching 39°C with 63% humidity.",Historical Simulation,https://archive-api.open-meteo.com/
a157fba2223d3b0e,2023-04-21,2023-04-21,Chuadanga,2,2,4,Chuadanga,"Historical simulated data: Severe heatwave hit Chuadanga, reaching 39.8°C with 55% humidity.",Historical Simulation,https://archive-api.open-meteo.com/
9f7818ccff19f09c,2023-04-21,2023-04-21,Kushtia,1,4,5,Kushtia,"Historical simulated data: Severe heatwave hit Kushtia, reaching 40.8°C with 57% humidity.",Historical Simulation,https://archive-api.open-meteo.com/
6475fe7639672af7,2023-04-21,2023-04-21,Rajshahi,1,1,2,Rajshahi,"Historical simulated data: Severe heatwave hit Rajshahi, reaching 40°C with 45% humidity.",Historical Simulation,https://archive-api.open-meteo.com/
27c37b95ef2bfdfb,2023-05-08,2023-05-08,Meherpur,2,2,4,Meherpur,"Historical simulated data: Severe heatwave hit Meherpur, reaching 39.3°C with 47% humidity.",Historical Simulation,https://archive-api.open-meteo.com/
c42e8555db669e13,2023-05-08,2023-05-08,Naogaon,1,0,1,Naogaon,"Historical simulated data: Severe heatwave hit Naogaon, reaching 39.2°C with 39% humidity.",Historical Simulation,https://archive-api.open-meteo.com/
0af42818c54021e6,2023-05-08,2023-05-08,Noakhali,2,0,2,Noakhali,"Historical simulated data: Severe heatwave hit Noakhali, reaching 40.6°C with 55% humidity.",Historical Simulation,https://archive-api.open-meteo.com/
e43794bf68916f76,2023-05-09,2023-05-09,Bhola,2,1,3,Bhola,"Historical simulated data: Severe heatwave hit Bhola, reaching 41.2°C with 60% humidity.",Historical Simulation,https://archive-api.open-meteo.com/
c1929e6e5be67758,2023-05-09,2023-05-09,Feni,1,4,5,Feni,"Historical simulated data: Severe heatwave hit Feni, reaching 42.2°C with 43% humidity.",Historical Simulation,https://archive-api.open-meteo.com/
98f57b4a0b61f315,2023-05-09,2023-05-09,Meherpur,2,0,2,Meherpur,"Historical simulated data: Severe heatwave hit Meherpur, reaching 39.6°C with 44% humidity.",Historical Simulation,https://archive-api.open-meteo.com/
ea849f3ea5d46cd5,2023-05-09,2023-05-09,Narsingdi,2,0,2,Narsingdi,"Historical simulated data: Severe heatwave hit Narsingdi, reaching 40.6°C with 50% humidity.",Historical Simulation,https://archive-api.open-meteo.com/
a015b3569fb4601d,2023-05-09,2023-05-09,Sirajganj,1,3,4,Sirajganj,"Historical simulated data: Severe heatwave hit Sirajganj, reaching 39.8°C with 36% humidity.",Historical Simulation,https://archive-api.open-meteo.com/
b790168dc562649b,2023-05-10,2023-05-10,Joypurhat,1,3,4,Joypurhat,"Historical simulated data: Severe heatwave hit Joypurhat, reaching 40.3°C with 39% humidity.",Historical Simulation,https://archive-api.open-meteo.com/
0a4067d11e2f8eb8,2023-05-10,2023-05-10,Kushtia,1,3,4,Kushtia,"Historical simulated data: Severe heatwave hit Kushtia, reaching 40.5°C with 58% humidity.",Historical Simulation,https://archive-api.open-meteo.com/
e80eb2909a1c10c2,2023-05-10,2023-05-10,Meherpur,1,2,3,Meherpur,"Historical simulated data: Severe heatwave hit Meherpur, reaching 41.1°C with 54% humidity.",Historical Simulation,https://archive-api.open-meteo.com/
23cae7271132284a,2023-06-01,2023-06-01,Meherpur,1,0,1,Meherpur,"Historical simulated data: Severe heatwave hit Meherpur, reaching 40.5°C with 58% humidity.",Historical Simulation,https://archive-api.open-meteo.com/
6922f297e895c18d,2023-06-01,2023-06-01,Natore,1,1,2,Natore,"Historical simulated data: Severe heatwave hit Natore, reaching 40°C with 59% humidity.",Historical Simulation,https://archive-api.open-meteo.com/
6c786d1a4b7ffc5e,2023-06-02,2023-06-02,Meherpur,2,1,3,Meherpur,"Historical simulated data: Severe heatwave hit Meherpur, reaching 40.3°C with 55% humidity.",Historical Simulation,https://archive-api.open-meteo.com/
1dd94c572cbcbcbd,2023-06-02,2023-06-02,Rajshahi,1,2,3,Rajshahi,"Historical simulated data: Severe heatwave hit Rajshahi, reaching 41.5°C with 49% humidity.",Historical Simulation,https://archive-api.open-meteo.com/
14502afe1c2fea23,2023-06-02,2023-06-02,Shariatpur,2,0,2,Shariatpur,"Historical simulated data: Severe heatwave hit Shariatpur, reaching 38.2°C with 74% humidity.",Historical Simulation,https://archive-api.open-meteo.com/
6904f50b0703aaf5,2023-06-03,2023-06-03,Naogaon,1,4,5,Naogaon,"Historical simulated data: Severe heatwave hit Naogaon, reaching 41.8°C with 51% humidity.",Historical Simulation,https://archive-api.open-meteo.com/
cd8fec4e2520af8a,2023-06-04,2023-06-04,Dinajpur,1,4,5,Dinajpur,"Historical simulated data: Severe heatwave hit Dinajpur, reaching 40.5°C with 57% humidity.",Historical Simulation,https://archive-api.open-meteo.com/
7d93441142351639,2023-06-06,2023-06-06,Joypurhat,1,4,5,Joypurhat,"Historical simulated data: Severe heatwave hit Joypurhat, reaching 40.2°C with 50% humidity.",Historical Simulation,https://archive-api.open-meteo.com/
1009338ba3679177,2023-06-06,2023-06-06,Natore,1,1,2,Natore,"Historical simulated data: Severe heatwave hit Natore, reaching 39.5°C with 56% humidity.",Historical Simulation,https://archive-api.open-meteo.com/
b073f4ec4e5e8fd8,2023-06-14,2023-06-14,Rajshahi,2,2,4,Rajshahi,"Historical simulated data: Severe heatwave hit Rajshahi, reaching 40.3°C with 67% humidity.",Historical Simulation,https://archive-api.open-meteo.com/
fa38351f2e748d92,2023-06-14,2023-06-14,Sirajganj,2,0,2,Sirajganj,"Historical simulated data: Severe heatwave hit Sirajganj, reaching 40°C with 75% humidity.",Historical Simulation,https://archive-api.open-meteo.com/
bfb898dbda2e68f3,2023-06-15,2023-06-15,Kushtia,1,1,2,Kushtia,"Historical simulated data: Severe heatwave hit Kushtia, reaching 39°C with 76% humidity.",Historical Simulation,https://archive-api.open-meteo.com/
96bbf8ce660adb9e,2023-06-15,2023-06-15,Pabna,2,0,2,Pabna,"Historical simulated data: Severe heatwave hit Pabna, reaching 39.5°C with 75% humidity.",Historical Simulation,https://archive-api.open-meteo.com/
15881db1a097e578,2023-06-15,2023-06-15,Rangpur,2,3,5,Rangpur,"Historical simulated data: Severe heatwave hit Rangpur, reaching 38°C with 83% humidity.",Historical Simulation,https://archive-api.open-meteo.com/
6502d1ec99fc0fa2,2023-06-16,2023-06-16,Chuadanga,1,4,5,Chuadanga,"Historical simulated data: Severe heatwave hit Chuadanga, reaching 38.9°C with 75% humidity.",Historical Simulation,https://archive-api.open-meteo.com/
8f607e5c03972d91,2023-06-16,2023-06-16,Naogaon,1,0,1,Naogaon,"Historical simulated data: Severe heatwave hit Naogaon, reaching 42°C with 63% humidity.",Historical Simulation,https://archive-api.open-meteo.com/
88ecefdbb2aaa030,2023-06-16,2023-06-16,Rajshahi,2,3,5,Rajshahi,"Historical simulated data: Severe heatwave hit Rajshahi, reaching 40.8°C with 65% humidity.",Historical Simulation,https://archive-api.open-meteo.com/
